<?xml version="1.0" encoding="utf-8"?>
<cXML payloadID="1663376715545.101.5872@amazon.com"
      timestamp="2022-09-17T01:05:15+0000"
      xml:lang="en-US">
   <Header>XXXXX</Header>
   <Request deploymentMode="production">
      <InvoiceDetailRequest>
         <InvoiceDetailRequestHeader invoiceDate="2022-09-17T00:29:38Z"
                                     invoiceID="174F-WC6G-N6TN"
                                     operation="new"
                                     purpose="standard">
            <InvoiceDetailHeaderIndicator/>
            <InvoiceDetailLineIndicator isAccountingInLine="yes"/>
            <PaymentTerm payInNumberOfDays="30"/>
            <Extrinsic name="carrierName">Amazon Logistics</Extrinsic>
            <Extrinsic name="carrierTrackingNumber">TBA303016358192</Extrinsic>
         </InvoiceDetailRequestHeader>
         <InvoiceDetailOrder>
            <InvoiceDetailOrderInfo>
               <OrderReference orderDate="2022-09-15T21:57:07+0000" orderID="PO-10010907">
                  <DocumentReference payloadID="7bb084be17511001b87040db62f00000"/>
               </OrderReference>
               <SupplierOrderInfo orderID="113-7679604-6832262"/>
            </InvoiceDetailOrderInfo>
            <InvoiceDetailItem invoiceLineNumber="1" quantity="1">
               <UnitOfMeasure>EA</UnitOfMeasure>
               <UnitPrice>
                  <Money currency="USD">50.13</Money>
               </UnitPrice>
               <InvoiceDetailItemReference lineNumber="4">
                  <ItemID>
                     <SupplierPartID>B08WQCCVHC</SupplierPartID>
                  </ItemID>
                  <Description xml:lang="en-US">Tork Xpress  Soft Multifold Hand Towel White H2, Absorbent, 16 x 135 Sheets, MB579</Description>
                  <Classification domain="UNSPSC">47131700</Classification>
               </InvoiceDetailItemReference>
               <SubtotalAmount>
                  <Money currency="USD">50.13</Money>
               </SubtotalAmount>
               <Tax>
                  <Money currency="USD">5.14</Money>
                  <Description xml:lang="en-US">Cost of tax, including shipping tax</Description>
               </Tax>
               <Extrinsic name="soldBy">Amazon</Extrinsic>
            </InvoiceDetailItem>
         </InvoiceDetailOrder>
         <InvoiceDetailSummary>
            <SubtotalAmount>
               <Money currency="USD">50.13</Money>
            </SubtotalAmount>
            <Tax>
               <Money currency="USD">5.14</Money>
               <Description xml:lang="en-US">Cost of tax, including shipping tax</Description>
               <TaxDetail category="sales" percentageRate="10.2500" purpose="tax">
                  <TaxableAmount>
                     <Money currency="USD">50.13</Money>
                  </TaxableAmount>
                  <TaxAmount>
                     <Money currency="USD">5.14</Money>
                  </TaxAmount>
               </TaxDetail>
            </Tax>
            <SpecialHandlingAmount>
               <Money currency="USD">0.00</Money>
            </SpecialHandlingAmount>
            <ShippingAmount>
               <Money currency="USD">0.00</Money>
            </ShippingAmount>
            <InvoiceDetailDiscount percentageRate="0.00">
               <Money currency="USD">0.00</Money>
            </InvoiceDetailDiscount>
            <NetAmount>
               <Money currency="USD">55.27</Money>
            </NetAmount>
            <DueAmount>
               <Money currency="USD">55.27</Money>
            </DueAmount>
         </InvoiceDetailSummary>
      </InvoiceDetailRequest>
   </Request>
</cXML>
