<?xml version="1.0" encoding="utf-8"?>
<env:Envelope xmlns:env="http://schemas.xmlsoap.org/soap/envelope/">
   <env:Body>
      <wd:Get_Integration_Systems_Response xmlns:wd="urn:com.workday/bsvc" wd:version="v16">
         <wd:Request_Criteria>
            <wd:Workday_Account_Reference wd:Descriptor="ISU_INT082_Invoice_Amazon">
               <wd:ID wd:type="WID">aa1e25be24750129be4c6190fdb00000</wd:ID>
               <wd:ID wd:type="System_User_ID">ISU_INT082_Invoice_Amazon</wd:ID>
               <wd:ID wd:type="WorkdayUserName">ISU_INT082_Invoice_Amazon</wd:ID>
            </wd:Workday_Account_Reference>
         </wd:Request_Criteria>
         <wd:Response_Filter>
            <wd:Page>1</wd:Page>
            <wd:Count>999</wd:Count>
         </wd:Response_Filter>
         <wd:Response_Results>
            <wd:Total_Results>1</wd:Total_Results>
            <wd:Total_Pages>1</wd:Total_Pages>
            <wd:Page_Results>1</wd:Page_Results>
            <wd:Page>1</wd:Page>
         </wd:Response_Results>
         <wd:Response_Data>
            <wd:Integration_System>
               <wd:Integration_System_Reference wd:Descriptor="INT082B Punchout Amazon Bi-directional">
                  <wd:ID wd:type="WID">a6268fcd43c1012dec05a69c02580000</wd:ID>
                  <wd:ID wd:type="Integration_System_ID">INT082BPunchoutAmazonBi-directional</wd:ID>
               </wd:Integration_System_Reference>
               <wd:Integration_System_Data>
                  <wd:Integration_System_ID>INT082BPunchoutAmazonBi-directional</wd:Integration_System_ID>
                  <wd:Integration_System_Name>INT082B Punchout Amazon Bi-directional</wd:Integration_System_Name>
                  <wd:Integration_Template_Reference wd:Descriptor="Supplier Network Connector - Procurement Punchout Purchase Order and Invoicing">
                     <wd:ID wd:type="WID">a123bb9b22ad4db7a17c33f0abef6ae8</wd:ID>
                     <wd:ID wd:type="Integration_Template_Name">Supplier Network Connector - Procurement Punchout Purchase Order and Invoicing</wd:ID>
                  </wd:Integration_Template_Reference>
                  <wd:Integration_Service_Data wd:WID="a6268fcd43c1012dec05a69c02580001" wd:Enabled="0">
                     <wd:Integration_Service_Reference wd:Descriptor="Enable Procurement Card in PO cXML">
                        <wd:ID wd:type="WID">868a46902d2c474e8b339d319563eb1b</wd:ID>
                        <wd:ID wd:type="Workday_Integration_Service_Name">Enable Procurement Card in PO cXML</wd:ID>
                     </wd:Integration_Service_Reference>
                  </wd:Integration_Service_Data>
                  <wd:Integration_Service_Data wd:WID="a6268fcd43c1012dec05a69c02580002" wd:Enabled="1">
                     <wd:Integration_Service_Reference wd:Descriptor="Integration Document Retention">
                        <wd:ID wd:type="WID">d4f17a3708ac49db93f54358f520a4e8</wd:ID>
                        <wd:ID wd:type="Workday_Integration_Service_Name">Integration Document Retention</wd:ID>
                     </wd:Integration_Service_Reference>
                  </wd:Integration_Service_Data>
                  <wd:Integration_Service_Data wd:WID="a6268fcd43c1012dec05a69c02580003" wd:Enabled="1">
                     <wd:Integration_Service_Reference wd:Descriptor="Procurement Punchout">
                        <wd:ID wd:type="WID">74359ccbd2f2416ea2527b2e3299cde2</wd:ID>
                        <wd:ID wd:type="Workday_Integration_Service_Name">Procurement Punchout</wd:ID>
                     </wd:Integration_Service_Reference>
                  </wd:Integration_Service_Data>
                  <wd:Integration_Service_Data wd:WID="a6268fcd43c1012dec05a69c02580004" wd:Enabled="1">
                     <wd:Integration_Service_Reference wd:Descriptor="Procurement Punchout Invoicing">
                        <wd:ID wd:type="WID">93d214183c9f4183acc6e902e066691a</wd:ID>
                        <wd:ID wd:type="Workday_Integration_Service_Name">Procurement Punchout Invoicing</wd:ID>
                     </wd:Integration_Service_Reference>
                  </wd:Integration_Service_Data>
                  <wd:Integration_Service_Data wd:WID="a6268fcd43c1012dec05a735af100000" wd:Enabled="1">
                     <wd:Integration_Service_Reference wd:Descriptor="Procurement Supplier Punchout Maxam">
                        <wd:ID wd:type="WID">09e2880db2ad10001767eaa68f6100f2</wd:ID>
                        <wd:ID wd:type="Workday_Integration_Service_Name">Procurement Supplier Punchout Maxam</wd:ID>
                     </wd:Integration_Service_Reference>
                  </wd:Integration_Service_Data>
                  <wd:Integration_Service_Data wd:WID="a6268fcd43c1012dec05a735af100001" wd:Enabled="1">
                     <wd:Integration_Service_Reference wd:Descriptor="Procurement Supplier Punchout Post Processing Service">
                        <wd:ID wd:type="WID">fec1e33e76ed10002eb55e4df5ff56d6</wd:ID>
                        <wd:ID wd:type="Workday_Integration_Service_Name">Procurement Supplier Punchout Post Processing Service</wd:ID>
                     </wd:Integration_Service_Reference>
                  </wd:Integration_Service_Data>
                  <Integration_Attributes_Data>XXXXX</Integration_Attributes_Data>
                  <Integration_Attributes_Data>XXXXX</Integration_Attributes_Data>
                  <wd:Integration_Maps_Data>
                     <wd:Integration_Map_Provider_Reference wd:Descriptor="Procurement Punchout">
                        <wd:ID wd:type="Workday_Integration_Service_Name">Procurement Punchout</wd:ID>
                        <wd:ID wd:type="WID">74359ccbd2f2416ea2527b2e3299cde2</wd:ID>
                     </wd:Integration_Map_Provider_Reference>
                     <wd:Integration_Map_Data>
                        <wd:Integration_Map_Reference wd:Descriptor="Procurement Punchout / Extrinsic Values Inbound Map">
                           <wd:ID wd:parent_id="Procurement Punchout"
                                  wd:parent_type="Workday_Integration_Service_Name"
                                  wd:type="Workday_Integration_Map_Name">Extrinsic Values Inbound Map</wd:ID>
                           <wd:ID wd:parent_id="74359ccbd2f2416ea2527b2e3299cde2"
                                  wd:parent_type="WID"
                                  wd:type="Workday_Integration_Map_Name">Extrinsic Values Inbound Map</wd:ID>
                           <wd:ID wd:type="WID">bed509d95bd4100020e4dc1616dc0048</wd:ID>
                        </wd:Integration_Map_Reference>
                        <wd:Integration_Map_Name>Extrinsic Values Inbound Map</wd:Integration_Map_Name>
                     </wd:Integration_Map_Data>
                     <wd:Integration_Map_Data>
                        <wd:Integration_Map_Reference wd:Descriptor="Procurement Punchout / Extrinsic Values Outbound Map for Worktags">
                           <wd:ID wd:parent_id="Procurement Punchout"
                                  wd:parent_type="Workday_Integration_Service_Name"
                                  wd:type="Workday_Integration_Map_Name">Extrinsic Values Outbound Map for Worktags</wd:ID>
                           <wd:ID wd:parent_id="74359ccbd2f2416ea2527b2e3299cde2"
                                  wd:parent_type="WID"
                                  wd:type="Workday_Integration_Map_Name">Extrinsic Values Outbound Map for Worktags</wd:ID>
                           <wd:ID wd:type="WID">cf1b91e22d84100015f76bad6917010d</wd:ID>
                        </wd:Integration_Map_Reference>
                        <wd:Integration_Map_Name>Extrinsic Values Outbound Map for Worktags</wd:Integration_Map_Name>
                     </wd:Integration_Map_Data>
                     <wd:Integration_Map_Data>
                        <wd:Integration_Map_Reference wd:Descriptor="Procurement Punchout / Extrinsic Header Values Outbound Map">
                           <wd:ID wd:parent_id="Procurement Punchout"
                                  wd:parent_type="Workday_Integration_Service_Name"
                                  wd:type="Workday_Integration_Map_Name">Extrinsic Header Values Outbound Map</wd:ID>
                           <wd:ID wd:parent_id="74359ccbd2f2416ea2527b2e3299cde2"
                                  wd:parent_type="WID"
                                  wd:type="Workday_Integration_Map_Name">Extrinsic Header Values Outbound Map</wd:ID>
                           <wd:ID wd:type="WID">f005a1ad2a021000268854325913010f</wd:ID>
                        </wd:Integration_Map_Reference>
                        <wd:Integration_Map_Name>Extrinsic Header Values Outbound Map</wd:Integration_Map_Name>
                     </wd:Integration_Map_Data>
                  </wd:Integration_Maps_Data>
               </wd:Integration_System_Data>
            </wd:Integration_System>
         </wd:Response_Data>
      </wd:Get_Integration_Systems_Response>
   </env:Body>
</env:Envelope>
