<?xml version="1.0" encoding="utf-8"?>
<env:Envelope xmlns:env="http://schemas.xmlsoap.org/soap/envelope/">
   <env:Body>
      <wd:Get_Purchase_Orders_Response xmlns:wd="urn:com.workday/bsvc" wd:version="v34.0">
         <wd:Request_References>
            <wd:Purchase_Order_Reference>
               <wd:ID wd:type="WID">7bb084be17519001b86f12cf17be0000</wd:ID>
               <wd:ID wd:type="Document_Number">PO-10010907</wd:ID>
               <wd:ID wd:type="Purchase_Order_Reference_ID">PURCHASE_ORDER-3-11850</wd:ID>
            </wd:Purchase_Order_Reference>
         </wd:Request_References>
         <wd:Response_Filter>
            <wd:Page>1</wd:Page>
            <wd:Count>999</wd:Count>
         </wd:Response_Filter>
         <wd:Response_Group>
            <wd:Include_Reference>1</wd:Include_Reference>
         </wd:Response_Group>
         <wd:Response_Results>
            <wd:Total_Results>1</wd:Total_Results>
            <wd:Total_Pages>1</wd:Total_Pages>
            <wd:Page_Results>1</wd:Page_Results>
            <wd:Page>1</wd:Page>
         </wd:Response_Results>
         <wd:Response_Data>
            <wd:Purchase_Order>
               <wd:Purchase_Order_Reference>
                  <wd:ID wd:type="WID">7bb084be17519001b86f12cf17be0000</wd:ID>
                  <wd:ID wd:type="Document_Number">PO-10010907</wd:ID>
                  <wd:ID wd:type="Purchase_Order_Reference_ID">PURCHASE_ORDER-3-11850</wd:ID>
               </wd:Purchase_Order_Reference>
               <wd:Purchase_Order_Data>
                  <wd:Purchase_Order_ID>PURCHASE_ORDER-3-11850</wd:Purchase_Order_ID>
                  <wd:Locked_in_Workday>0</wd:Locked_in_Workday>
                  <wd:Document_Number>PO-10010907</wd:Document_Number>
                  <wd:Purchase_Order_Document_Status_Reference>
                     <wd:ID wd:type="WID">dc76c312446c11de98360015c5e6daf6</wd:ID>
                     <wd:ID wd:type="Document_Status_ID">ISSUED</wd:ID>
                  </wd:Purchase_Order_Document_Status_Reference>
                  <wd:Company_Reference>
                     <wd:ID wd:type="WID">aa1e25be247501299b76f3cd256f0000</wd:ID>
                     <wd:ID wd:type="Organization_Reference_ID">59000</wd:ID>
                     <wd:ID wd:type="Company_Reference_ID">59000</wd:ID>
                  </wd:Company_Reference>
                  <wd:Supplier_Reference>
                     <wd:ID wd:type="WID">c89f5d7949f3012c1253e86aac9a0000</wd:ID>
                     <wd:ID wd:type="Supplier_Reference_ID">0001959986</wd:ID>
                     <wd:ID wd:type="Supplier_ID">SUP-108263</wd:ID>
                  </wd:Supplier_Reference>
                  <wd:Document_Date>2022-09-15</wd:Document_Date>
                  <wd:Acknowledgement_Expected>0</wd:Acknowledgement_Expected>
                  <wd:Auto_Sourced>1</wd:Auto_Sourced>
                  <wd:Tax_Amount>0</wd:Tax_Amount>
                  <wd:Freight_Amount>0</wd:Freight_Amount>
                  <wd:Other_Charges>0</wd:Other_Charges>
                  <wd:Payment_Terms_Reference>
                     <wd:ID wd:type="WID">aa1e25be2475012a3dcdb80cb0840000</wd:ID>
                     <wd:ID wd:type="Payment_Terms_ID">30Days</wd:ID>
                  </wd:Payment_Terms_Reference>
                  <wd:Shipping_Terms_Reference>
                     <wd:ID wd:type="WID">c89f5d7949f3012bb8da458ba94a0001</wd:ID>
                     <wd:ID wd:type="Shipping_Terms_ID">FOB_Origin</wd:ID>
                  </wd:Shipping_Terms_Reference>
                  <wd:Currency_Reference>
                     <wd:ID wd:type="WID">9e996ffdd3e14da0ba7275d5400bafd4</wd:ID>
                     <wd:ID wd:type="Currency_ID">USD</wd:ID>
                     <wd:ID wd:type="Currency_Numeric_Code">840</wd:ID>
                  </wd:Currency_Reference>
                  <wd:Default_Tax_Option_Reference>
                     <wd:ID wd:type="WID">f501102dfab44307bcb2ef3248820aa8</wd:ID>
                     <wd:ID wd:type="Tax_Option_ID">ENTER_TAX_DUE</wd:ID>
                  </wd:Default_Tax_Option_Reference>
                  <wd:Issue_Option_Reference>
                     <wd:ID wd:type="WID">526646f1deee4cdbbde0e787990a6004</wd:ID>
                     <wd:ID wd:type="Purchase_Order_Issue_Option_ID">XML AUTO</wd:ID>
                  </wd:Issue_Option_Reference>
                  <wd:Buyer_Reference>
                     <wd:ID wd:type="WID">d7d14249ee7f012a939ce769f2b40004</wd:ID>
                     <wd:ID wd:type="Employee_ID">67929</wd:ID>
                  </wd:Buyer_Reference>
                  <wd:Bill_To_Contact_Reference>
                     <wd:ID wd:type="WID">d7d14249ee7f012a939ce769f2b40004</wd:ID>
                     <wd:ID wd:type="Employee_ID">67929</wd:ID>
                  </wd:Bill_To_Contact_Reference>
                  <wd:Bill_To_Contact_Detail>Danielle Stanton</wd:Bill_To_Contact_Detail>
                  <wd:Bill_To_Address_Data>
                     <wd:Bill_To_Address_Reference>
                        <wd:ID wd:type="WID">62aab6f20985100206b18a9f69160001</wd:ID>
                     </wd:Bill_To_Address_Reference>
                     <wd:Address_Reference>
                        <wd:ID>ADDRESS_REFERENCE-6-1</wd:ID>
                     </wd:Address_Reference>
                  </wd:Bill_To_Address_Data>
                  <wd:Ship_To_Contact_Reference>
                     <wd:ID wd:type="WID">bdb0be001ec90101d7120378bc050000</wd:ID>
                     <wd:ID wd:type="Contingent_Worker_ID">95338</wd:ID>
                  </wd:Ship_To_Contact_Reference>
                  <wd:Ship_To_Contact_Detail>Joseph Harrison [C]</wd:Ship_To_Contact_Detail>
                  <wd:Ship_To_Address_Data>
                     <wd:Ship_To_Address_Reference>
                        <wd:ID wd:type="WID">aa1e25be247501299433903ba1620001</wd:ID>
                     </wd:Ship_To_Address_Reference>
                     <wd:Address_Reference>
                        <wd:ID>ADDRESS_REFERENCE-6-323</wd:ID>
                     </wd:Address_Reference>
                  </wd:Ship_To_Address_Data>
                  <wd:Ship_To_Location_Identifier>L172</wd:Ship_To_Location_Identifier>
                  <wd:Internal_Memo>Facility Office Supplies</wd:Internal_Memo>
                  <wd:Prepaid>0</wd:Prepaid>
                  <wd:Use_Prepaid_Posting_Rules_for_Receipt_Accruals>0</wd:Use_Prepaid_Posting_Rules_for_Receipt_Accruals>
                  <wd:Percent_to_Retain>0</wd:Percent_to_Retain>
                  <wd:XMLNAME_3rd_Party_Retention>0</wd:XMLNAME_3rd_Party_Retention>
                  <wd:Goods_Line_Data>
                     <wd:Line_Number>1</wd:Line_Number>
                     <wd:Line_Company_Reference>
                        <wd:ID wd:type="WID">aa1e25be247501299b76f3cd256f0000</wd:ID>
                        <wd:ID wd:type="Organization_Reference_ID">59000</wd:ID>
                        <wd:ID wd:type="Company_Reference_ID">59000</wd:ID>
                     </wd:Line_Company_Reference>
                     <wd:Supplier_Item_Identifier>B01GTNVWYY</wd:Supplier_Item_Identifier>
                     <wd:Item_Description>Arm &amp; Hammer Baking Soda Fridge-n-Freezer Odor Absorber, Orange 14 oz, Pack of 12</wd:Item_Description>
                     <wd:Resource_Category_Reference>
                        <wd:ID wd:type="WID">aa1e25be24750129ed2f8283718f0001</wd:ID>
                        <wd:ID wd:type="Spend_Category_ID">SC0145</wd:ID>
                     </wd:Resource_Category_Reference>
                     <wd:Tax_Applicability_Reference>
                        <wd:ID wd:type="WID">aa1e25be24750129e94a525f3bab0000</wd:ID>
                        <wd:ID wd:type="Tax_Applicability_ID">TR_Onesource_Tax_Applicability</wd:ID>
                     </wd:Tax_Applicability_Reference>
                     <wd:Quantity>2</wd:Quantity>
                     <wd:Unit_of_Measure_Reference>
                        <wd:ID wd:type="WID">aa1e25be24750129940bec64c5c10000</wd:ID>
                        <wd:ID wd:type="UN_CEFACT_Common_Code_ID">EA</wd:ID>
                        <wd:ID wd:type="UOM_EDI_Code_ID">EA</wd:ID>
                     </wd:Unit_of_Measure_Reference>
                     <wd:Unit_Cost>14.28</wd:Unit_Cost>
                     <wd:Extended_Amount>28.56</wd:Extended_Amount>
                     <wd:Prepaid>0</wd:Prepaid>
                     <wd:Retention>0</wd:Retention>
                     <wd:Budget_Date>2022-09-15</wd:Budget_Date>
                     <wd:Ship_To_Address_Reference>
                        <wd:ID wd:type="WID">aa1e25be24750129940f236272af0003</wd:ID>
                        <wd:ID wd:type="Address_ID">ADDRESS_REFERENCE-6-323</wd:ID>
                     </wd:Ship_To_Address_Reference>
                     <wd:Ship_To_Location_Identifier>L172</wd:Ship_To_Location_Identifier>
                     <wd:Ship_To_Contact_Reference>
                        <wd:ID wd:type="WID">bdb0be001ec90101d7120378bc050000</wd:ID>
                        <wd:ID wd:type="Contingent_Worker_ID">95338</wd:ID>
                     </wd:Ship_To_Contact_Reference>
                     <wd:Deliver_To_Location_Reference>
                        <wd:ID wd:type="WID">aa1e25be24750129940f236272af0000</wd:ID>
                        <wd:ID wd:type="Location_ID">L172</wd:ID>
                     </wd:Deliver_To_Location_Reference>
                     <wd:Deliver_To_Location_Location_Identifier>L172</wd:Deliver_To_Location_Location_Identifier>
                     <wd:Supplier_Contract_Reference>
                        <wd:ID wd:type="WID">a6268fcd43c1012df163551d882a0000</wd:ID>
                        <wd:ID wd:type="Supplier_Contract_ID">SUPPLIER_CONTRACT-6-8</wd:ID>
                     </wd:Supplier_Contract_Reference>
                     <wd:Requisition_Line_Reference>
                        <wd:ID wd:type="WID">18d22f4f175f9001b85319a0dd620000</wd:ID>
                        <wd:ID wd:type="Requisition_Line_ID">ITEM_REQUISITION_LINE-3-25512</wd:ID>
                     </wd:Requisition_Line_Reference>
                     <wd:Worktags_Reference>
                        <wd:ID wd:type="WID">aa1e25be247501299d7085e1ffde0000</wd:ID>
                        <wd:ID wd:type="Organization_Reference_ID">CO_RA_Karen_Pallardy</wd:ID>
                        <wd:ID wd:type="Custom_Organization_Reference_ID">CO_RA_Karen_Pallardy</wd:ID>
                     </wd:Worktags_Reference>
                     <wd:Worktags_Reference>
                        <wd:ID wd:type="WID">aa1e25be247501299d708411edcf0003</wd:ID>
                        <wd:ID wd:type="Organization_Reference_ID">Sub8694</wd:ID>
                        <wd:ID wd:type="Custom_Organization_Reference_ID">Sub8694</wd:ID>
                     </wd:Worktags_Reference>
                     <wd:Worktags_Reference>
                        <wd:ID wd:type="WID">aa1e25be247501299512d39dacca0000</wd:ID>
                        <wd:ID wd:type="Organization_Reference_ID">CC541</wd:ID>
                        <wd:ID wd:type="Cost_Center_Reference_ID">CC541</wd:ID>
                     </wd:Worktags_Reference>
                  </wd:Goods_Line_Data>
                  <wd:Goods_Line_Data>
                     <wd:Line_Number>2</wd:Line_Number>
                     <wd:Line_Company_Reference>
                        <wd:ID wd:type="WID">aa1e25be247501299b76f3cd256f0000</wd:ID>
                        <wd:ID wd:type="Organization_Reference_ID">59000</wd:ID>
                        <wd:ID wd:type="Company_Reference_ID">59000</wd:ID>
                     </wd:Line_Company_Reference>
                     <wd:Supplier_Item_Identifier>B07C64XDXG</wd:Supplier_Item_Identifier>
                     <wd:Item_Description>Cascade Platinum Dishwasher Detergent 92 Scent ActionPacs Net Wt 51.2 Ounce</wd:Item_Description>
                     <wd:Resource_Category_Reference>
                        <wd:ID wd:type="WID">aa1e25be24750129ed2f8283718f0001</wd:ID>
                        <wd:ID wd:type="Spend_Category_ID">SC0145</wd:ID>
                     </wd:Resource_Category_Reference>
                     <wd:Tax_Applicability_Reference>
                        <wd:ID wd:type="WID">aa1e25be24750129e94a525f3bab0000</wd:ID>
                        <wd:ID wd:type="Tax_Applicability_ID">TR_Onesource_Tax_Applicability</wd:ID>
                     </wd:Tax_Applicability_Reference>
                     <wd:Quantity>8</wd:Quantity>
                     <wd:Unit_of_Measure_Reference>
                        <wd:ID wd:type="WID">aa1e25be24750129940bec64c5c10000</wd:ID>
                        <wd:ID wd:type="UN_CEFACT_Common_Code_ID">EA</wd:ID>
                        <wd:ID wd:type="UOM_EDI_Code_ID">EA</wd:ID>
                     </wd:Unit_of_Measure_Reference>
                     <wd:Unit_Cost>20.82</wd:Unit_Cost>
                     <wd:Extended_Amount>166.56</wd:Extended_Amount>
                     <wd:Prepaid>0</wd:Prepaid>
                     <wd:Retention>0</wd:Retention>
                     <wd:Budget_Date>2022-09-15</wd:Budget_Date>
                     <wd:Ship_To_Address_Reference>
                        <wd:ID wd:type="WID">aa1e25be24750129940f236272af0003</wd:ID>
                        <wd:ID wd:type="Address_ID">ADDRESS_REFERENCE-6-323</wd:ID>
                     </wd:Ship_To_Address_Reference>
                     <wd:Ship_To_Location_Identifier>L172</wd:Ship_To_Location_Identifier>
                     <wd:Ship_To_Contact_Reference>
                        <wd:ID wd:type="WID">bdb0be001ec90101d7120378bc050000</wd:ID>
                        <wd:ID wd:type="Contingent_Worker_ID">95338</wd:ID>
                     </wd:Ship_To_Contact_Reference>
                     <wd:Deliver_To_Location_Reference>
                        <wd:ID wd:type="WID">aa1e25be24750129940f236272af0000</wd:ID>
                        <wd:ID wd:type="Location_ID">L172</wd:ID>
                     </wd:Deliver_To_Location_Reference>
                     <wd:Deliver_To_Location_Location_Identifier>L172</wd:Deliver_To_Location_Location_Identifier>
                     <wd:Supplier_Contract_Reference>
                        <wd:ID wd:type="WID">a6268fcd43c1012df163551d882a0000</wd:ID>
                        <wd:ID wd:type="Supplier_Contract_ID">SUPPLIER_CONTRACT-6-8</wd:ID>
                     </wd:Supplier_Contract_Reference>
                     <wd:Requisition_Line_Reference>
                        <wd:ID wd:type="WID">18d22f4f175f9001b8531a3ab9b00001</wd:ID>
                        <wd:ID wd:type="Requisition_Line_ID">ITEM_REQUISITION_LINE-3-25513</wd:ID>
                     </wd:Requisition_Line_Reference>
                     <wd:Worktags_Reference>
                        <wd:ID wd:type="WID">aa1e25be247501299d7085e1ffde0000</wd:ID>
                        <wd:ID wd:type="Organization_Reference_ID">CO_RA_Karen_Pallardy</wd:ID>
                        <wd:ID wd:type="Custom_Organization_Reference_ID">CO_RA_Karen_Pallardy</wd:ID>
                     </wd:Worktags_Reference>
                     <wd:Worktags_Reference>
                        <wd:ID wd:type="WID">aa1e25be247501299d708411edcf0003</wd:ID>
                        <wd:ID wd:type="Organization_Reference_ID">Sub8694</wd:ID>
                        <wd:ID wd:type="Custom_Organization_Reference_ID">Sub8694</wd:ID>
                     </wd:Worktags_Reference>
                     <wd:Worktags_Reference>
                        <wd:ID wd:type="WID">aa1e25be247501299512d39dacca0000</wd:ID>
                        <wd:ID wd:type="Organization_Reference_ID">CC541</wd:ID>
                        <wd:ID wd:type="Cost_Center_Reference_ID">CC541</wd:ID>
                     </wd:Worktags_Reference>
                  </wd:Goods_Line_Data>
                  <wd:Goods_Line_Data>
                     <wd:Line_Number>3</wd:Line_Number>
                     <wd:Line_Company_Reference>
                        <wd:ID wd:type="WID">aa1e25be247501299b76f3cd256f0000</wd:ID>
                        <wd:ID wd:type="Organization_Reference_ID">59000</wd:ID>
                        <wd:ID wd:type="Company_Reference_ID">59000</wd:ID>
                     </wd:Line_Company_Reference>
                     <wd:Supplier_Item_Identifier>B07QVM18GG</wd:Supplier_Item_Identifier>
                     <wd:Item_Description>4-Pack of Endust for Electronics Cleaning Wipes for TV, Computer, Tablet, and Phone Screens</wd:Item_Description>
                     <wd:Resource_Category_Reference>
                        <wd:ID wd:type="WID">aa1e25be24750129ed2f8283718f0001</wd:ID>
                        <wd:ID wd:type="Spend_Category_ID">SC0145</wd:ID>
                     </wd:Resource_Category_Reference>
                     <wd:Tax_Applicability_Reference>
                        <wd:ID wd:type="WID">aa1e25be24750129e94a525f3bab0000</wd:ID>
                        <wd:ID wd:type="Tax_Applicability_ID">TR_Onesource_Tax_Applicability</wd:ID>
                     </wd:Tax_Applicability_Reference>
                     <wd:Quantity>4</wd:Quantity>
                     <wd:Unit_of_Measure_Reference>
                        <wd:ID wd:type="WID">aa1e25be24750129940bec64c5c10000</wd:ID>
                        <wd:ID wd:type="UN_CEFACT_Common_Code_ID">EA</wd:ID>
                        <wd:ID wd:type="UOM_EDI_Code_ID">EA</wd:ID>
                     </wd:Unit_of_Measure_Reference>
                     <wd:Unit_Cost>25.4</wd:Unit_Cost>
                     <wd:Extended_Amount>101.6</wd:Extended_Amount>
                     <wd:Prepaid>0</wd:Prepaid>
                     <wd:Retention>0</wd:Retention>
                     <wd:Budget_Date>2022-09-15</wd:Budget_Date>
                     <wd:Ship_To_Address_Reference>
                        <wd:ID wd:type="WID">aa1e25be24750129940f236272af0003</wd:ID>
                        <wd:ID wd:type="Address_ID">ADDRESS_REFERENCE-6-323</wd:ID>
                     </wd:Ship_To_Address_Reference>
                     <wd:Ship_To_Location_Identifier>L172</wd:Ship_To_Location_Identifier>
                     <wd:Ship_To_Contact_Reference>
                        <wd:ID wd:type="WID">bdb0be001ec90101d7120378bc050000</wd:ID>
                        <wd:ID wd:type="Contingent_Worker_ID">95338</wd:ID>
                     </wd:Ship_To_Contact_Reference>
                     <wd:Deliver_To_Location_Reference>
                        <wd:ID wd:type="WID">aa1e25be24750129940f236272af0000</wd:ID>
                        <wd:ID wd:type="Location_ID">L172</wd:ID>
                     </wd:Deliver_To_Location_Reference>
                     <wd:Deliver_To_Location_Location_Identifier>L172</wd:Deliver_To_Location_Location_Identifier>
                     <wd:Supplier_Contract_Reference>
                        <wd:ID wd:type="WID">a6268fcd43c1012df163551d882a0000</wd:ID>
                        <wd:ID wd:type="Supplier_Contract_ID">SUPPLIER_CONTRACT-6-8</wd:ID>
                     </wd:Supplier_Contract_Reference>
                     <wd:Requisition_Line_Reference>
                        <wd:ID wd:type="WID">18d22f4f175f9001b8531b6e3d5a0000</wd:ID>
                        <wd:ID wd:type="Requisition_Line_ID">ITEM_REQUISITION_LINE-3-25514</wd:ID>
                     </wd:Requisition_Line_Reference>
                     <wd:Worktags_Reference>
                        <wd:ID wd:type="WID">aa1e25be247501299d7085e1ffde0000</wd:ID>
                        <wd:ID wd:type="Organization_Reference_ID">CO_RA_Karen_Pallardy</wd:ID>
                        <wd:ID wd:type="Custom_Organization_Reference_ID">CO_RA_Karen_Pallardy</wd:ID>
                     </wd:Worktags_Reference>
                     <wd:Worktags_Reference>
                        <wd:ID wd:type="WID">aa1e25be247501299d708411edcf0003</wd:ID>
                        <wd:ID wd:type="Organization_Reference_ID">Sub8694</wd:ID>
                        <wd:ID wd:type="Custom_Organization_Reference_ID">Sub8694</wd:ID>
                     </wd:Worktags_Reference>
                     <wd:Worktags_Reference>
                        <wd:ID wd:type="WID">aa1e25be247501299512d39dacca0000</wd:ID>
                        <wd:ID wd:type="Organization_Reference_ID">CC541</wd:ID>
                        <wd:ID wd:type="Cost_Center_Reference_ID">CC541</wd:ID>
                     </wd:Worktags_Reference>
                  </wd:Goods_Line_Data>
                  <wd:Goods_Line_Data>
                     <wd:Line_Number>4</wd:Line_Number>
                     <wd:Line_Company_Reference>
                        <wd:ID wd:type="WID">aa1e25be247501299b76f3cd256f0000</wd:ID>
                        <wd:ID wd:type="Organization_Reference_ID">59000</wd:ID>
                        <wd:ID wd:type="Company_Reference_ID">59000</wd:ID>
                     </wd:Line_Company_Reference>
                     <wd:Supplier_Item_Identifier>B08WQCCVHC</wd:Supplier_Item_Identifier>
                     <wd:Item_Description>Tork Xpress® Soft Multifold Hand Towel White H2, Absorbent, 16 x 135 Sheets, MB579</wd:Item_Description>
                     <wd:Resource_Category_Reference>
                        <wd:ID wd:type="WID">aa1e25be24750129ed2f8283718f0001</wd:ID>
                        <wd:ID wd:type="Spend_Category_ID">SC0145</wd:ID>
                     </wd:Resource_Category_Reference>
                     <wd:Tax_Applicability_Reference>
                        <wd:ID wd:type="WID">aa1e25be24750129e94a525f3bab0000</wd:ID>
                        <wd:ID wd:type="Tax_Applicability_ID">TR_Onesource_Tax_Applicability</wd:ID>
                     </wd:Tax_Applicability_Reference>
                     <wd:Quantity>4</wd:Quantity>
                     <wd:Unit_of_Measure_Reference>
                        <wd:ID wd:type="WID">aa1e25be24750129940bec64c5c10000</wd:ID>
                        <wd:ID wd:type="UN_CEFACT_Common_Code_ID">EA</wd:ID>
                        <wd:ID wd:type="UOM_EDI_Code_ID">EA</wd:ID>
                     </wd:Unit_of_Measure_Reference>
                     <wd:Unit_Cost>50.13</wd:Unit_Cost>
                     <wd:Extended_Amount>200.52</wd:Extended_Amount>
                     <wd:Prepaid>0</wd:Prepaid>
                     <wd:Retention>0</wd:Retention>
                     <wd:Budget_Date>2022-09-15</wd:Budget_Date>
                     <wd:Ship_To_Address_Reference>
                        <wd:ID wd:type="WID">aa1e25be24750129940f236272af0003</wd:ID>
                        <wd:ID wd:type="Address_ID">ADDRESS_REFERENCE-6-323</wd:ID>
                     </wd:Ship_To_Address_Reference>
                     <wd:Ship_To_Location_Identifier>L172</wd:Ship_To_Location_Identifier>
                     <wd:Ship_To_Contact_Reference>
                        <wd:ID wd:type="WID">bdb0be001ec90101d7120378bc050000</wd:ID>
                        <wd:ID wd:type="Contingent_Worker_ID">95338</wd:ID>
                     </wd:Ship_To_Contact_Reference>
                     <wd:Deliver_To_Location_Reference>
                        <wd:ID wd:type="WID">aa1e25be24750129940f236272af0000</wd:ID>
                        <wd:ID wd:type="Location_ID">L172</wd:ID>
                     </wd:Deliver_To_Location_Reference>
                     <wd:Deliver_To_Location_Location_Identifier>L172</wd:Deliver_To_Location_Location_Identifier>
                     <wd:Supplier_Contract_Reference>
                        <wd:ID wd:type="WID">a6268fcd43c1012df163551d882a0000</wd:ID>
                        <wd:ID wd:type="Supplier_Contract_ID">SUPPLIER_CONTRACT-6-8</wd:ID>
                     </wd:Supplier_Contract_Reference>
                     <wd:Requisition_Line_Reference>
                        <wd:ID wd:type="WID">18d22f4f175f9001b8531c07ce5c0000</wd:ID>
                        <wd:ID wd:type="Requisition_Line_ID">ITEM_REQUISITION_LINE-3-25515</wd:ID>
                     </wd:Requisition_Line_Reference>
                     <wd:Worktags_Reference>
                        <wd:ID wd:type="WID">aa1e25be247501299d7085e1ffde0000</wd:ID>
                        <wd:ID wd:type="Organization_Reference_ID">CO_RA_Karen_Pallardy</wd:ID>
                        <wd:ID wd:type="Custom_Organization_Reference_ID">CO_RA_Karen_Pallardy</wd:ID>
                     </wd:Worktags_Reference>
                     <wd:Worktags_Reference>
                        <wd:ID wd:type="WID">aa1e25be247501299d708411edcf0003</wd:ID>
                        <wd:ID wd:type="Organization_Reference_ID">Sub8694</wd:ID>
                        <wd:ID wd:type="Custom_Organization_Reference_ID">Sub8694</wd:ID>
                     </wd:Worktags_Reference>
                     <wd:Worktags_Reference>
                        <wd:ID wd:type="WID">aa1e25be247501299512d39dacca0000</wd:ID>
                        <wd:ID wd:type="Organization_Reference_ID">CC541</wd:ID>
                        <wd:ID wd:type="Cost_Center_Reference_ID">CC541</wd:ID>
                     </wd:Worktags_Reference>
                  </wd:Goods_Line_Data>
               </wd:Purchase_Order_Data>
            </wd:Purchase_Order>
         </wd:Response_Data>
      </wd:Get_Purchase_Orders_Response>
   </env:Body>
</env:Envelope>
