<?xml version="1.0" encoding="utf-8"?>
<cXML payloadID="1240598939@curtis1000.coupahost.com"
      timestamp="2022-09-23T08:57:29.394-04:00"
      version="1.0">
  <Header>XXXXX</Header>
  <Request deploymentMode="production">
      <InvoiceDetailRequest>
         <InvoiceDetailRequestHeader invoiceDate="2022-09-22T00:00:00"
                                     invoiceID="6054896"
                                     operation="new"
                                     purpose="standard">
            <InvoiceDetailHeaderIndicator/>
            <InvoiceDetailLineIndicator isAccountingInLine="yes"/>
            <PaymentTerm payInNumberOfDays="Days for Net Payment"/>
         </InvoiceDetailRequestHeader>
         <InvoiceDetailOrder>
            <InvoiceDetailOrderInfo>
               <OrderReference orderID="PO-10010984"/>
               <OrderIDInfo orderID="PO-10010984"/>
            </InvoiceDetailOrderInfo>
            <InvoiceDetailItem invoiceLineNumber="1" quantity="5">
               <UnitOfMeasure>EA</UnitOfMeasure>
               <UnitPrice>
                  <Money currency="USD">9.36</Money>
               </UnitPrice>
               <InvoiceDetailItemReference lineNumber="1">
                  <Description xml:lang="en">MISC SHORT RUN CUT SHEET FORMS</Description>
               </InvoiceDetailItemReference>
               <SubtotalAmount>
                  <Money currency="USD">46.8</Money>
               </SubtotalAmount>
            </InvoiceDetailItem>
            <InvoiceDetailItem invoiceLineNumber="3" quantity="10">
               <UnitOfMeasure>EA</UnitOfMeasure>
               <UnitPrice>
                  <Money currency="USD">17.438</Money>
               </UnitPrice>
               <InvoiceDetailItemReference lineNumber="3">
                  <Description xml:lang="en">MISC LETTERHEAD/COVER/TEXT/STS</Description>
               </InvoiceDetailItemReference>
               <SubtotalAmount>
                  <Money currency="USD">174.38</Money>
               </SubtotalAmount>
            </InvoiceDetailItem>
            <InvoiceDetailItem invoiceLineNumber="4" quantity="5">
               <UnitOfMeasure>EA</UnitOfMeasure>
               <UnitPrice>
                  <Money currency="USD">30.92</Money>
               </UnitPrice>
               <InvoiceDetailItemReference lineNumber="4">
                  <Description xml:lang="en">COV-RSM-POL POLY COVERS</Description>
               </InvoiceDetailItemReference>
               <SubtotalAmount>
                  <Money currency="USD">154.6</Money>
               </SubtotalAmount>
            </InvoiceDetailItem>
         </InvoiceDetailOrder>
         <InvoiceDetailSummary>
            <SubtotalAmount>
               <Money currency="USD">375.78</Money>
            </SubtotalAmount>
            <Tax>
               <Money currency="USD">26.3</Money>
               <Description xml:lang="en">Cost of tax, including shipping tax</Description>
               <TaxDetail category="sales" percentageRate="7" purpose="tax">
                  <TaxableAmount>
                     <Money currency="USD">375.78</Money>
                  </TaxableAmount>
                  <TaxAmount>
                     <Money currency="USD">26.3</Money>
                  </TaxAmount>
               </TaxDetail>
            </Tax>
            <SpecialHandlingAmount>
               <Money currency="USD"/>
            </SpecialHandlingAmount>
            <ShippingAmount>
               <Money currency="USD">32.76</Money>
            </ShippingAmount>
            <NetAmount>
               <Money currency="USD">434.84</Money>
            </NetAmount>
         </InvoiceDetailSummary>
      </InvoiceDetailRequest>
  </Request>
</cXML>
