<?xml version="1.0" encoding="utf-8"?>
<env:Envelope xmlns:env="http://schemas.xmlsoap.org/soap/envelope/">
   <env:Body>
      <wd:Get_Integration_Systems_Response xmlns:wd="urn:com.workday/bsvc" wd:version="v16">
         <wd:Request_Criteria>
            <wd:Workday_Account_Reference wd:Descriptor="ISU_INT085_Invoice_Taylor">
               <wd:ID wd:type="WID">a6268fcd43c1012deb823b32fb010000</wd:ID>
               <wd:ID wd:type="System_User_ID">ISU_INT085_Invoice_Taylor</wd:ID>
               <wd:ID wd:type="WorkdayUserName">ISU_INT085_Invoice_Taylor</wd:ID>
            </wd:Workday_Account_Reference>
         </wd:Request_Criteria>
         <wd:Response_Filter>
            <wd:Page>1</wd:Page>
            <wd:Count>999</wd:Count>
         </wd:Response_Filter>
         <wd:Response_Results>
            <wd:Total_Results>1</wd:Total_Results>
            <wd:Total_Pages>1</wd:Total_Pages>
            <wd:Page_Results>1</wd:Page_Results>
            <wd:Page>1</wd:Page>
         </wd:Response_Results>
         <wd:Response_Data>
            <wd:Integration_System>
               <wd:Integration_System_Reference wd:Descriptor="INT085B Punchout Taylor Printing Bi-Directional">
                  <wd:ID wd:type="WID">a6268fcd43c1012deb8226b586360000</wd:ID>
                  <wd:ID wd:type="Integration_System_ID">INT085BPunchoutTaylorPrintingBi-Directional</wd:ID>
               </wd:Integration_System_Reference>
               <wd:Integration_System_Data>
                  <wd:Integration_System_ID>INT085BPunchoutTaylorPrintingBi-Directional</wd:Integration_System_ID>
                  <wd:Integration_System_Name>INT085B Punchout Taylor Printing Bi-Directional</wd:Integration_System_Name>
                  <wd:Integration_Template_Reference wd:Descriptor="Supplier Network Connector - Procurement Punchout Purchase Order and Invoicing">
                     <wd:ID wd:type="WID">a123bb9b22ad4db7a17c33f0abef6ae8</wd:ID>
                     <wd:ID wd:type="Integration_Template_Name">Supplier Network Connector - Procurement Punchout Purchase Order and Invoicing</wd:ID>
                  </wd:Integration_Template_Reference>
                  <wd:Integration_Service_Data wd:WID="a6268fcd43c1012deb8226b586360001" wd:Enabled="0">
                     <wd:Integration_Service_Reference wd:Descriptor="Enable Procurement Card in PO cXML">
                        <wd:ID wd:type="WID">868a46902d2c474e8b339d319563eb1b</wd:ID>
                        <wd:ID wd:type="Workday_Integration_Service_Name">Enable Procurement Card in PO cXML</wd:ID>
                     </wd:Integration_Service_Reference>
                  </wd:Integration_Service_Data>
                  <wd:Integration_Service_Data wd:WID="a6268fcd43c1012deb8226b586360002" wd:Enabled="1">
                     <wd:Integration_Service_Reference wd:Descriptor="Integration Document Retention">
                        <wd:ID wd:type="WID">d4f17a3708ac49db93f54358f520a4e8</wd:ID>
                        <wd:ID wd:type="Workday_Integration_Service_Name">Integration Document Retention</wd:ID>
                     </wd:Integration_Service_Reference>
                  </wd:Integration_Service_Data>
                  <wd:Integration_Service_Data wd:WID="a6268fcd43c1012deb82274ffb130000" wd:Enabled="1">
                     <wd:Integration_Service_Reference wd:Descriptor="Procurement Punchout">
                        <wd:ID wd:type="WID">74359ccbd2f2416ea2527b2e3299cde2</wd:ID>
                        <wd:ID wd:type="Workday_Integration_Service_Name">Procurement Punchout</wd:ID>
                     </wd:Integration_Service_Reference>
                  </wd:Integration_Service_Data>
                  <wd:Integration_Service_Data wd:WID="a6268fcd43c1012deb82274ffb130001" wd:Enabled="1">
                     <wd:Integration_Service_Reference wd:Descriptor="Procurement Punchout Invoicing">
                        <wd:ID wd:type="WID">93d214183c9f4183acc6e902e066691a</wd:ID>
                        <wd:ID wd:type="Workday_Integration_Service_Name">Procurement Punchout Invoicing</wd:ID>
                     </wd:Integration_Service_Reference>
                  </wd:Integration_Service_Data>
                  <wd:Integration_Service_Data wd:WID="a6268fcd43c1012deb82274ffb130002" wd:Enabled="1">
                     <wd:Integration_Service_Reference wd:Descriptor="Procurement Supplier Punchout Maxam">
                        <wd:ID wd:type="WID">09e2880db2ad10001767eaa68f6100f2</wd:ID>
                        <wd:ID wd:type="Workday_Integration_Service_Name">Procurement Supplier Punchout Maxam</wd:ID>
                     </wd:Integration_Service_Reference>
                  </wd:Integration_Service_Data>
                  <wd:Integration_Service_Data wd:WID="a6268fcd43c1012deb82274ffb130003" wd:Enabled="1">
                     <wd:Integration_Service_Reference wd:Descriptor="Procurement Supplier Punchout Post Processing Service">
                        <wd:ID wd:type="WID">fec1e33e76ed10002eb55e4df5ff56d6</wd:ID>
                        <wd:ID wd:type="Workday_Integration_Service_Name">Procurement Supplier Punchout Post Processing Service</wd:ID>
                     </wd:Integration_Service_Reference>
                  </wd:Integration_Service_Data>
                  <Integration_Attributes_Data>XXXXX</Integration_Attributes_Data>
                  <Integration_Attributes_Data>XXXXX</Integration_Attributes_Data>
                  <wd:Integration_Maps_Data>
                     <wd:Integration_Map_Provider_Reference wd:Descriptor="Procurement Punchout">
                        <wd:ID wd:type="Workday_Integration_Service_Name">Procurement Punchout</wd:ID>
                        <wd:ID wd:type="WID">74359ccbd2f2416ea2527b2e3299cde2</wd:ID>
                     </wd:Integration_Map_Provider_Reference>
                     <wd:Integration_Map_Data>
                        <wd:Integration_Map_Reference wd:Descriptor="Procurement Punchout / Extrinsic Values Inbound Map">
                           <wd:ID wd:parent_id="Procurement Punchout"
                                  wd:parent_type="Workday_Integration_Service_Name"
                                  wd:type="Workday_Integration_Map_Name">Extrinsic Values Inbound Map</wd:ID>
                           <wd:ID wd:parent_id="74359ccbd2f2416ea2527b2e3299cde2"
                                  wd:parent_type="WID"
                                  wd:type="Workday_Integration_Map_Name">Extrinsic Values Inbound Map</wd:ID>
                           <wd:ID wd:type="WID">bed509d95bd4100020e4dc1616dc0048</wd:ID>
                        </wd:Integration_Map_Reference>
                        <wd:Integration_Map_Name>Extrinsic Values Inbound Map</wd:Integration_Map_Name>
                     </wd:Integration_Map_Data>
                     <wd:Integration_Map_Data>
                        <wd:Integration_Map_Reference wd:Descriptor="Procurement Punchout / Extrinsic Values Outbound Map for Worktags">
                           <wd:ID wd:parent_id="Procurement Punchout"
                                  wd:parent_type="Workday_Integration_Service_Name"
                                  wd:type="Workday_Integration_Map_Name">Extrinsic Values Outbound Map for Worktags</wd:ID>
                           <wd:ID wd:parent_id="74359ccbd2f2416ea2527b2e3299cde2"
                                  wd:parent_type="WID"
                                  wd:type="Workday_Integration_Map_Name">Extrinsic Values Outbound Map for Worktags</wd:ID>
                           <wd:ID wd:type="WID">cf1b91e22d84100015f76bad6917010d</wd:ID>
                        </wd:Integration_Map_Reference>
                        <wd:Integration_Map_Name>Extrinsic Values Outbound Map for Worktags</wd:Integration_Map_Name>
                     </wd:Integration_Map_Data>
                     <wd:Integration_Map_Data>
                        <wd:Integration_Map_Reference wd:Descriptor="Procurement Punchout / Extrinsic Header Values Outbound Map">
                           <wd:ID wd:parent_id="Procurement Punchout"
                                  wd:parent_type="Workday_Integration_Service_Name"
                                  wd:type="Workday_Integration_Map_Name">Extrinsic Header Values Outbound Map</wd:ID>
                           <wd:ID wd:parent_id="74359ccbd2f2416ea2527b2e3299cde2"
                                  wd:parent_type="WID"
                                  wd:type="Workday_Integration_Map_Name">Extrinsic Header Values Outbound Map</wd:ID>
                           <wd:ID wd:type="WID">f005a1ad2a021000268854325913010f</wd:ID>
                        </wd:Integration_Map_Reference>
                        <wd:Integration_Map_Name>Extrinsic Header Values Outbound Map</wd:Integration_Map_Name>
                     </wd:Integration_Map_Data>
                  </wd:Integration_Maps_Data>
                  <wd:Integration_Notification_Data>
                     <wd:Trigger_on_Status_Reference wd:Descriptor="Skipped">
                        <wd:ID wd:type="WID">dab957251db0100018b2df27ebab0d91</wd:ID>
                        <wd:ID wd:type="Background_Process_Instance_Status_ID">Skipped</wd:ID>
                     </wd:Trigger_on_Status_Reference>
                     <wd:Trigger_on_Status_Reference wd:Descriptor="Not Run due to Exceptions on Future Process">
                        <wd:ID wd:type="WID">d8b0c430446c11de98360015c5e6daf6</wd:ID>
                        <wd:ID wd:type="Background_Process_Instance_Status_ID">NotRun</wd:ID>
                     </wd:Trigger_on_Status_Reference>
                     <wd:Trigger_on_Status_Reference wd:Descriptor="Failed">
                        <wd:ID wd:type="WID">d8b0bdbe446c11de98360015c5e6daf6</wd:ID>
                        <wd:ID wd:type="Background_Process_Instance_Status_ID">Failed</wd:ID>
                     </wd:Trigger_on_Status_Reference>
                     <wd:Trigger_on_Status_Reference wd:Descriptor="Completed with Warnings">
                        <wd:ID wd:type="WID">d8b0c34a446c11de98360015c5e6daf6</wd:ID>
                        <wd:ID wd:type="Background_Process_Instance_Status_ID">CompletedWithWarnings</wd:ID>
                     </wd:Trigger_on_Status_Reference>
                     <wd:Trigger_on_Status_Reference wd:Descriptor="Completed">
                        <wd:ID wd:type="WID">d8b0bcd8446c11de98360015c5e6daf6</wd:ID>
                        <wd:ID wd:type="Background_Process_Instance_Status_ID">Completed</wd:ID>
                     </wd:Trigger_on_Status_Reference>
                     <wd:Trigger_on_Status_Reference wd:Descriptor="Completed With Errors">
                        <wd:ID wd:type="WID">d8b0c264446c11de98360015c5e6daf6</wd:ID>
                        <wd:ID wd:type="Background_Process_Instance_Status_ID">CompletedWithErrors</wd:ID>
                     </wd:Trigger_on_Status_Reference>
                     <wd:Email_Address_Data>
                        <wd:Email_Address>dana.milwicz@rsmus.com</wd:Email_Address>
                     </wd:Email_Address_Data>
                     <wd:Notification_Subject_Data>
                        <wd:Notification_Message_Component_Data>
                           <wd:Order>a</wd:Order>
                           <wd:External_Field_Reference wd:Descriptor="Integration System">
                              <wd:ID wd:type="WID">5c883fbd46e4417f86e9596b8846b946</wd:ID>
                           </wd:External_Field_Reference>
                        </wd:Notification_Message_Component_Data>
                        <wd:Notification_Message_Component_Data>
                           <wd:Order>b</wd:Order>
                           <wd:Text>has completed with a status of</wd:Text>
                        </wd:Notification_Message_Component_Data>
                        <wd:Notification_Message_Component_Data>
                           <wd:Order>c</wd:Order>
                           <wd:External_Field_Reference wd:Descriptor="Integration Event Status">
                              <wd:ID wd:type="WID">f733d1a71d664da5b62975b22c2823b5</wd:ID>
                           </wd:External_Field_Reference>
                        </wd:Notification_Message_Component_Data>
                     </wd:Notification_Subject_Data>
                     <wd:Notification_Body_Data>
                        <wd:Notification_Body_Data>
                           <wd:Order>a</wd:Order>
                           <wd:External_Field_Reference wd:Descriptor="Integration System">
                              <wd:ID wd:type="WID">5c883fbd46e4417f86e9596b8846b946</wd:ID>
                           </wd:External_Field_Reference>
                        </wd:Notification_Body_Data>
                        <wd:Notification_Body_Data>
                           <wd:Order>b</wd:Order>
                           <wd:External_Field_Reference wd:Descriptor="Integration Event Status">
                              <wd:ID wd:type="WID">f733d1a71d664da5b62975b22c2823b5</wd:ID>
                           </wd:External_Field_Reference>
                        </wd:Notification_Body_Data>
                        <wd:Notification_Body_Data>
                           <wd:Order>c</wd:Order>
                           <wd:External_Field_Reference wd:Descriptor="Integration Event">
                              <wd:ID wd:type="WID">6a7f3d0d368549dc963d07b03d3daa09</wd:ID>
                           </wd:External_Field_Reference>
                        </wd:Notification_Body_Data>
                        <wd:Notification_Body_Data>
                           <wd:Order>d</wd:Order>
                           <wd:External_Field_Reference wd:Descriptor="Output Documents">
                              <wd:ID wd:type="WID">f3a8fa03d40d4832a55530d53541437d</wd:ID>
                           </wd:External_Field_Reference>
                        </wd:Notification_Body_Data>
                     </wd:Notification_Body_Data>
                     <wd:Notification_Attachment_Data>
                        <wd:Attachment_External_Field_Reference wd:Descriptor="Target Instance">
                           <wd:ID wd:type="WID">252b9e44d2a510001623ecd0c6250008</wd:ID>
                        </wd:Attachment_External_Field_Reference>
                     </wd:Notification_Attachment_Data>
                  </wd:Integration_Notification_Data>
               </wd:Integration_System_Data>
            </wd:Integration_System>
         </wd:Response_Data>
      </wd:Get_Integration_Systems_Response>
   </env:Body>
</env:Envelope>
