<?xml version="1.0" encoding="utf-8"?>
<env:Envelope xmlns:env="http://schemas.xmlsoap.org/soap/envelope/">
   <env:Body>
      <wd:Get_Purchase_Orders_Response xmlns:wd="urn:com.workday/bsvc" wd:version="v34.0">
         <wd:Request_References>
            <wd:Purchase_Order_Reference>
               <wd:ID wd:type="WID">5d14a5b856e09001666cc10df3190000</wd:ID>
               <wd:ID wd:type="Document_Number">PO-10010984</wd:ID>
               <wd:ID wd:type="Purchase_Order_Reference_ID">PURCHASE_ORDER-9-11941</wd:ID>
            </wd:Purchase_Order_Reference>
         </wd:Request_References>
         <wd:Response_Filter>
            <wd:Page>1</wd:Page>
            <wd:Count>999</wd:Count>
         </wd:Response_Filter>
         <wd:Response_Group>
            <wd:Include_Reference>1</wd:Include_Reference>
         </wd:Response_Group>
         <wd:Response_Results>
            <wd:Total_Results>1</wd:Total_Results>
            <wd:Total_Pages>1</wd:Total_Pages>
            <wd:Page_Results>1</wd:Page_Results>
            <wd:Page>1</wd:Page>
         </wd:Response_Results>
         <wd:Response_Data>
            <wd:Purchase_Order>
               <wd:Purchase_Order_Reference>
                  <wd:ID wd:type="WID">5d14a5b856e09001666cc10df3190000</wd:ID>
                  <wd:ID wd:type="Document_Number">PO-10010984</wd:ID>
                  <wd:ID wd:type="Purchase_Order_Reference_ID">PURCHASE_ORDER-9-11941</wd:ID>
               </wd:Purchase_Order_Reference>
               <wd:Purchase_Order_Data>
                  <wd:Purchase_Order_ID>PURCHASE_ORDER-9-11941</wd:Purchase_Order_ID>
                  <wd:Locked_in_Workday>0</wd:Locked_in_Workday>
                  <wd:Document_Number>PO-10010984</wd:Document_Number>
                  <wd:Purchase_Order_Document_Status_Reference>
                     <wd:ID wd:type="WID">dc76c312446c11de98360015c5e6daf6</wd:ID>
                     <wd:ID wd:type="Document_Status_ID">ISSUED</wd:ID>
                  </wd:Purchase_Order_Document_Status_Reference>
                  <wd:Company_Reference>
                     <wd:ID wd:type="WID">aa1e25be247501299b76f3cd256f0000</wd:ID>
                     <wd:ID wd:type="Organization_Reference_ID">59000</wd:ID>
                     <wd:ID wd:type="Company_Reference_ID">59000</wd:ID>
                  </wd:Company_Reference>
                  <wd:Supplier_Reference>
                     <wd:ID wd:type="WID">c89f5d7949f3012c11ef5e1a6f300000</wd:ID>
                     <wd:ID wd:type="Supplier_Reference_ID">0000837504</wd:ID>
                     <wd:ID wd:type="Supplier_ID">SUP-100555</wd:ID>
                  </wd:Supplier_Reference>
                  <wd:Document_Date>2022-09-21</wd:Document_Date>
                  <wd:Acknowledgement_Expected>0</wd:Acknowledgement_Expected>
                  <wd:Auto_Sourced>1</wd:Auto_Sourced>
                  <wd:Tax_Amount>0</wd:Tax_Amount>
                  <wd:Freight_Amount>0</wd:Freight_Amount>
                  <wd:Other_Charges>0</wd:Other_Charges>
                  <wd:Payment_Terms_Reference>
                     <wd:ID wd:type="WID">aa1e25be2475012a3dcdb6d73f410000</wd:ID>
                     <wd:ID wd:type="Payment_Terms_ID">20Days</wd:ID>
                  </wd:Payment_Terms_Reference>
                  <wd:Shipping_Terms_Reference>
                     <wd:ID wd:type="WID">c89f5d7949f3012bb8da458ba94a0001</wd:ID>
                     <wd:ID wd:type="Shipping_Terms_ID">FOB_Origin</wd:ID>
                  </wd:Shipping_Terms_Reference>
                  <wd:Currency_Reference>
                     <wd:ID wd:type="WID">9e996ffdd3e14da0ba7275d5400bafd4</wd:ID>
                     <wd:ID wd:type="Currency_ID">USD</wd:ID>
                     <wd:ID wd:type="Currency_Numeric_Code">840</wd:ID>
                  </wd:Currency_Reference>
                  <wd:Default_Tax_Option_Reference>
                     <wd:ID wd:type="WID">f501102dfab44307bcb2ef3248820aa8</wd:ID>
                     <wd:ID wd:type="Tax_Option_ID">ENTER_TAX_DUE</wd:ID>
                  </wd:Default_Tax_Option_Reference>
                  <wd:Issue_Option_Reference>
                     <wd:ID wd:type="WID">526646f1deee4cdbbde0e787990a6004</wd:ID>
                     <wd:ID wd:type="Purchase_Order_Issue_Option_ID">XML AUTO</wd:ID>
                  </wd:Issue_Option_Reference>
                  <wd:Buyer_Reference>
                     <wd:ID wd:type="WID">d7d14249ee7f012a939ce769f2b40004</wd:ID>
                     <wd:ID wd:type="Employee_ID">67929</wd:ID>
                  </wd:Buyer_Reference>
                  <wd:Bill_To_Contact_Reference>
                     <wd:ID wd:type="WID">d7d14249ee7f012a939ce769f2b40004</wd:ID>
                     <wd:ID wd:type="Employee_ID">67929</wd:ID>
                  </wd:Bill_To_Contact_Reference>
                  <wd:Bill_To_Contact_Detail>Danielle Stanton</wd:Bill_To_Contact_Detail>
                  <wd:Bill_To_Address_Data>
                     <wd:Bill_To_Address_Reference>
                        <wd:ID wd:type="WID">62aab6f20985100206b18a9f69160001</wd:ID>
                     </wd:Bill_To_Address_Reference>
                     <wd:Address_Reference>
                        <wd:ID>ADDRESS_REFERENCE-6-1</wd:ID>
                     </wd:Address_Reference>
                  </wd:Bill_To_Address_Data>
                  <wd:Ship_To_Contact_Reference>
                     <wd:ID wd:type="WID">d7d14249ee7f012a939ce769f2b40004</wd:ID>
                     <wd:ID wd:type="Employee_ID">67929</wd:ID>
                  </wd:Ship_To_Contact_Reference>
                  <wd:Ship_To_Contact_Detail>Danielle Stanton</wd:Ship_To_Contact_Detail>
                  <wd:Ship_To_Address_Data>
                     <wd:Ship_To_Address_Reference>
                        <wd:ID wd:type="WID">aa1e25be24750129943417f83bae0001</wd:ID>
                     </wd:Ship_To_Address_Reference>
                     <wd:Address_Reference>
                        <wd:ID>ADDRESS_REFERENCE-6-335</wd:ID>
                     </wd:Address_Reference>
                  </wd:Ship_To_Address_Data>
                  <wd:Ship_To_Location_Identifier>L14</wd:Ship_To_Location_Identifier>
                  <wd:Internal_Memo>requisiton for testing</wd:Internal_Memo>
                  <wd:Prepaid>0</wd:Prepaid>
                  <wd:Use_Prepaid_Posting_Rules_for_Receipt_Accruals>0</wd:Use_Prepaid_Posting_Rules_for_Receipt_Accruals>
                  <wd:Percent_to_Retain>0</wd:Percent_to_Retain>
                  <wd:XMLNAME_3rd_Party_Retention>0</wd:XMLNAME_3rd_Party_Retention>
                  <wd:Goods_Line_Data>
                     <wd:Line_Number>1</wd:Line_Number>
                     <wd:Line_Company_Reference>
                        <wd:ID wd:type="WID">aa1e25be247501299b76f3cd256f0000</wd:ID>
                        <wd:ID wd:type="Organization_Reference_ID">59000</wd:ID>
                        <wd:ID wd:type="Company_Reference_ID">59000</wd:ID>
                     </wd:Line_Company_Reference>
                     <wd:Supplier_Item_Identifier>PAP2HOLE</wd:Supplier_Item_Identifier>
                     <wd:Item_Description>8-1/2 X 11 - 2 Hole Punched Paper</wd:Item_Description>
                     <wd:Resource_Category_Reference>
                        <wd:ID wd:type="WID">aa1e25be24750129ed2f5239781e0001</wd:ID>
                        <wd:ID wd:type="Spend_Category_ID">SC0119</wd:ID>
                     </wd:Resource_Category_Reference>
                     <wd:Tax_Applicability_Reference>
                        <wd:ID wd:type="WID">aa1e25be24750129e94a525f3bab0000</wd:ID>
                        <wd:ID wd:type="Tax_Applicability_ID">TR_Onesource_Tax_Applicability</wd:ID>
                     </wd:Tax_Applicability_Reference>
                     <wd:Quantity>5</wd:Quantity>
                     <wd:Unit_of_Measure_Reference>
                        <wd:ID wd:type="WID">aa1e25be24750129940bec64c5c10000</wd:ID>
                        <wd:ID wd:type="UN_CEFACT_Common_Code_ID">EA</wd:ID>
                        <wd:ID wd:type="UOM_EDI_Code_ID">EA</wd:ID>
                     </wd:Unit_of_Measure_Reference>
                     <wd:Unit_Cost>9.36</wd:Unit_Cost>
                     <wd:Extended_Amount>46.8</wd:Extended_Amount>
                     <wd:Prepaid>0</wd:Prepaid>
                     <wd:Retention>0</wd:Retention>
                     <wd:Budget_Date>2022-09-21</wd:Budget_Date>
                     <wd:Ship_To_Address_Reference>
                        <wd:ID wd:type="WID">aa1e25be24750129940ed0a25a7c0002</wd:ID>
                        <wd:ID wd:type="Address_ID">ADDRESS_REFERENCE-6-335</wd:ID>
                     </wd:Ship_To_Address_Reference>
                     <wd:Ship_To_Location_Identifier>L14</wd:Ship_To_Location_Identifier>
                     <wd:Ship_To_Contact_Reference>
                        <wd:ID wd:type="WID">d7d14249ee7f012a939ce769f2b40004</wd:ID>
                        <wd:ID wd:type="Employee_ID">67929</wd:ID>
                     </wd:Ship_To_Contact_Reference>
                     <wd:Deliver_To_Location_Reference>
                        <wd:ID wd:type="WID">aa1e25be24750129940ed007bb2a0000</wd:ID>
                        <wd:ID wd:type="Location_ID">L14</wd:ID>
                     </wd:Deliver_To_Location_Reference>
                     <wd:Deliver_To_Location_Location_Identifier>L14</wd:Deliver_To_Location_Location_Identifier>
                     <wd:Supplier_Contract_Reference>
                        <wd:ID wd:type="WID">a6268fcd43c1012df11cc818dd680000</wd:ID>
                        <wd:ID wd:type="Supplier_Contract_ID">SUPPLIER_CONTRACT-6-2</wd:ID>
                     </wd:Supplier_Contract_Reference>
                     <wd:Requisition_Line_Reference>
                        <wd:ID wd:type="WID">dfd6d16379a490016684ff648b070000</wd:ID>
                        <wd:ID wd:type="Requisition_Line_ID">ITEM_REQUISITION_LINE-9-25671</wd:ID>
                     </wd:Requisition_Line_Reference>
                     <wd:Worktags_Reference>
                        <wd:ID wd:type="WID">aa1e25be247501299d690e3c3c860000</wd:ID>
                        <wd:ID wd:type="Organization_Reference_ID">Sub8585</wd:ID>
                        <wd:ID wd:type="Custom_Organization_Reference_ID">Sub8585</wd:ID>
                     </wd:Worktags_Reference>
                     <wd:Worktags_Reference>
                        <wd:ID wd:type="WID">aa1e25be247501299d682e320d600000</wd:ID>
                        <wd:ID wd:type="Organization_Reference_ID">CO_RA_Amanda_Maas</wd:ID>
                        <wd:ID wd:type="Custom_Organization_Reference_ID">CO_RA_Amanda_Maas</wd:ID>
                     </wd:Worktags_Reference>
                     <wd:Worktags_Reference>
                        <wd:ID wd:type="WID">aa1e25be2475012995131002f36c0000</wd:ID>
                        <wd:ID wd:type="Organization_Reference_ID">CC859</wd:ID>
                        <wd:ID wd:type="Cost_Center_Reference_ID">CC859</wd:ID>
                     </wd:Worktags_Reference>
                  </wd:Goods_Line_Data>
                  <wd:Goods_Line_Data>
                     <wd:Line_Number>2</wd:Line_Number>
                     <wd:Line_Company_Reference>
                        <wd:ID wd:type="WID">aa1e25be247501299b76f3cd256f0000</wd:ID>
                        <wd:ID wd:type="Organization_Reference_ID">59000</wd:ID>
                        <wd:ID wd:type="Company_Reference_ID">59000</wd:ID>
                     </wd:Line_Company_Reference>
                     <wd:Supplier_Item_Identifier>PAPCMT</wd:Supplier_Item_Identifier>
                     <wd:Item_Description>Comment Pads</wd:Item_Description>
                     <wd:Resource_Category_Reference>
                        <wd:ID wd:type="WID">aa1e25be24750129ed2f5239781e0001</wd:ID>
                        <wd:ID wd:type="Spend_Category_ID">SC0119</wd:ID>
                     </wd:Resource_Category_Reference>
                     <wd:Tax_Applicability_Reference>
                        <wd:ID wd:type="WID">aa1e25be24750129e94a525f3bab0000</wd:ID>
                        <wd:ID wd:type="Tax_Applicability_ID">TR_Onesource_Tax_Applicability</wd:ID>
                     </wd:Tax_Applicability_Reference>
                     <wd:Quantity>1</wd:Quantity>
                     <wd:Unit_of_Measure_Reference>
                        <wd:ID wd:type="WID">aa1e25be24750129940bec64c5c10000</wd:ID>
                        <wd:ID wd:type="UN_CEFACT_Common_Code_ID">EA</wd:ID>
                        <wd:ID wd:type="UOM_EDI_Code_ID">EA</wd:ID>
                     </wd:Unit_of_Measure_Reference>
                     <wd:Unit_Cost>24.88</wd:Unit_Cost>
                     <wd:Extended_Amount>24.88</wd:Extended_Amount>
                     <wd:Prepaid>0</wd:Prepaid>
                     <wd:Retention>0</wd:Retention>
                     <wd:Budget_Date>2022-09-21</wd:Budget_Date>
                     <wd:Ship_To_Address_Reference>
                        <wd:ID wd:type="WID">aa1e25be24750129940ed0a25a7c0002</wd:ID>
                        <wd:ID wd:type="Address_ID">ADDRESS_REFERENCE-6-335</wd:ID>
                     </wd:Ship_To_Address_Reference>
                     <wd:Ship_To_Location_Identifier>L14</wd:Ship_To_Location_Identifier>
                     <wd:Ship_To_Contact_Reference>
                        <wd:ID wd:type="WID">d7d14249ee7f012a939ce769f2b40004</wd:ID>
                        <wd:ID wd:type="Employee_ID">67929</wd:ID>
                     </wd:Ship_To_Contact_Reference>
                     <wd:Deliver_To_Location_Reference>
                        <wd:ID wd:type="WID">aa1e25be24750129940ed007bb2a0000</wd:ID>
                        <wd:ID wd:type="Location_ID">L14</wd:ID>
                     </wd:Deliver_To_Location_Reference>
                     <wd:Deliver_To_Location_Location_Identifier>L14</wd:Deliver_To_Location_Location_Identifier>
                     <wd:Supplier_Contract_Reference>
                        <wd:ID wd:type="WID">a6268fcd43c1012df11cc818dd680000</wd:ID>
                        <wd:ID wd:type="Supplier_Contract_ID">SUPPLIER_CONTRACT-6-2</wd:ID>
                     </wd:Supplier_Contract_Reference>
                     <wd:Requisition_Line_Reference>
                        <wd:ID wd:type="WID">dfd6d16379a490016685060574070001</wd:ID>
                        <wd:ID wd:type="Requisition_Line_ID">ITEM_REQUISITION_LINE-9-25672</wd:ID>
                     </wd:Requisition_Line_Reference>
                     <wd:Worktags_Reference>
                        <wd:ID wd:type="WID">aa1e25be247501299d690e3c3c860000</wd:ID>
                        <wd:ID wd:type="Organization_Reference_ID">Sub8585</wd:ID>
                        <wd:ID wd:type="Custom_Organization_Reference_ID">Sub8585</wd:ID>
                     </wd:Worktags_Reference>
                     <wd:Worktags_Reference>
                        <wd:ID wd:type="WID">aa1e25be247501299d682e320d600000</wd:ID>
                        <wd:ID wd:type="Organization_Reference_ID">CO_RA_Amanda_Maas</wd:ID>
                        <wd:ID wd:type="Custom_Organization_Reference_ID">CO_RA_Amanda_Maas</wd:ID>
                     </wd:Worktags_Reference>
                     <wd:Worktags_Reference>
                        <wd:ID wd:type="WID">aa1e25be2475012995131002f36c0000</wd:ID>
                        <wd:ID wd:type="Organization_Reference_ID">CC859</wd:ID>
                        <wd:ID wd:type="Cost_Center_Reference_ID">CC859</wd:ID>
                     </wd:Worktags_Reference>
                  </wd:Goods_Line_Data>
                  <wd:Goods_Line_Data>
                     <wd:Line_Number>3</wd:Line_Number>
                     <wd:Line_Company_Reference>
                        <wd:ID wd:type="WID">aa1e25be247501299b76f3cd256f0000</wd:ID>
                        <wd:ID wd:type="Organization_Reference_ID">59000</wd:ID>
                        <wd:ID wd:type="Company_Reference_ID">59000</wd:ID>
                     </wd:Line_Company_Reference>
                     <wd:Supplier_Item_Identifier>PAP60COUGAR</wd:Supplier_Item_Identifier>
                     <wd:Item_Description>60 Cougar Opaque Smooth</wd:Item_Description>
                     <wd:Resource_Category_Reference>
                        <wd:ID wd:type="WID">aa1e25be24750129ed2f5239781e0001</wd:ID>
                        <wd:ID wd:type="Spend_Category_ID">SC0119</wd:ID>
                     </wd:Resource_Category_Reference>
                     <wd:Tax_Applicability_Reference>
                        <wd:ID wd:type="WID">aa1e25be24750129e94a525f3bab0000</wd:ID>
                        <wd:ID wd:type="Tax_Applicability_ID">TR_Onesource_Tax_Applicability</wd:ID>
                     </wd:Tax_Applicability_Reference>
                     <wd:Quantity>10</wd:Quantity>
                     <wd:Unit_of_Measure_Reference>
                        <wd:ID wd:type="WID">aa1e25be24750129940bec64c5c10000</wd:ID>
                        <wd:ID wd:type="UN_CEFACT_Common_Code_ID">EA</wd:ID>
                        <wd:ID wd:type="UOM_EDI_Code_ID">EA</wd:ID>
                     </wd:Unit_of_Measure_Reference>
                     <wd:Unit_Cost>17.4379</wd:Unit_Cost>
                     <wd:Extended_Amount>174.38</wd:Extended_Amount>
                     <wd:Prepaid>0</wd:Prepaid>
                     <wd:Retention>0</wd:Retention>
                     <wd:Budget_Date>2022-09-21</wd:Budget_Date>
                     <wd:Ship_To_Address_Reference>
                        <wd:ID wd:type="WID">aa1e25be24750129940ed0a25a7c0002</wd:ID>
                        <wd:ID wd:type="Address_ID">ADDRESS_REFERENCE-6-335</wd:ID>
                     </wd:Ship_To_Address_Reference>
                     <wd:Ship_To_Location_Identifier>L14</wd:Ship_To_Location_Identifier>
                     <wd:Ship_To_Contact_Reference>
                        <wd:ID wd:type="WID">d7d14249ee7f012a939ce769f2b40004</wd:ID>
                        <wd:ID wd:type="Employee_ID">67929</wd:ID>
                     </wd:Ship_To_Contact_Reference>
                     <wd:Deliver_To_Location_Reference>
                        <wd:ID wd:type="WID">aa1e25be24750129940ed007bb2a0000</wd:ID>
                        <wd:ID wd:type="Location_ID">L14</wd:ID>
                     </wd:Deliver_To_Location_Reference>
                     <wd:Deliver_To_Location_Location_Identifier>L14</wd:Deliver_To_Location_Location_Identifier>
                     <wd:Supplier_Contract_Reference>
                        <wd:ID wd:type="WID">a6268fcd43c1012df11cc818dd680000</wd:ID>
                        <wd:ID wd:type="Supplier_Contract_ID">SUPPLIER_CONTRACT-6-2</wd:ID>
                     </wd:Supplier_Contract_Reference>
                     <wd:Requisition_Line_Reference>
                        <wd:ID wd:type="WID">dfd6d16379a49001668506a07ec80001</wd:ID>
                        <wd:ID wd:type="Requisition_Line_ID">ITEM_REQUISITION_LINE-9-25673</wd:ID>
                     </wd:Requisition_Line_Reference>
                     <wd:Worktags_Reference>
                        <wd:ID wd:type="WID">aa1e25be247501299d690e3c3c860000</wd:ID>
                        <wd:ID wd:type="Organization_Reference_ID">Sub8585</wd:ID>
                        <wd:ID wd:type="Custom_Organization_Reference_ID">Sub8585</wd:ID>
                     </wd:Worktags_Reference>
                     <wd:Worktags_Reference>
                        <wd:ID wd:type="WID">aa1e25be247501299d682e320d600000</wd:ID>
                        <wd:ID wd:type="Organization_Reference_ID">CO_RA_Amanda_Maas</wd:ID>
                        <wd:ID wd:type="Custom_Organization_Reference_ID">CO_RA_Amanda_Maas</wd:ID>
                     </wd:Worktags_Reference>
                     <wd:Worktags_Reference>
                        <wd:ID wd:type="WID">aa1e25be2475012995131002f36c0000</wd:ID>
                        <wd:ID wd:type="Organization_Reference_ID">CC859</wd:ID>
                        <wd:ID wd:type="Cost_Center_Reference_ID">CC859</wd:ID>
                     </wd:Worktags_Reference>
                  </wd:Goods_Line_Data>
                  <wd:Goods_Line_Data>
                     <wd:Line_Number>4</wd:Line_Number>
                     <wd:Line_Company_Reference>
                        <wd:ID wd:type="WID">aa1e25be247501299b76f3cd256f0000</wd:ID>
                        <wd:ID wd:type="Organization_Reference_ID">59000</wd:ID>
                        <wd:ID wd:type="Company_Reference_ID">59000</wd:ID>
                     </wd:Line_Company_Reference>
                     <wd:Supplier_Item_Identifier>COVPOL</wd:Supplier_Item_Identifier>
                     <wd:Item_Description>Poly Covers</wd:Item_Description>
                     <wd:Resource_Category_Reference>
                        <wd:ID wd:type="WID">aa1e25be24750129ed2f5239781e0001</wd:ID>
                        <wd:ID wd:type="Spend_Category_ID">SC0119</wd:ID>
                     </wd:Resource_Category_Reference>
                     <wd:Tax_Applicability_Reference>
                        <wd:ID wd:type="WID">aa1e25be24750129e94a525f3bab0000</wd:ID>
                        <wd:ID wd:type="Tax_Applicability_ID">TR_Onesource_Tax_Applicability</wd:ID>
                     </wd:Tax_Applicability_Reference>
                     <wd:Quantity>5</wd:Quantity>
                     <wd:Unit_of_Measure_Reference>
                        <wd:ID wd:type="WID">aa1e25be24750129940bec64c5c10000</wd:ID>
                        <wd:ID wd:type="UN_CEFACT_Common_Code_ID">EA</wd:ID>
                        <wd:ID wd:type="UOM_EDI_Code_ID">EA</wd:ID>
                     </wd:Unit_of_Measure_Reference>
                     <wd:Unit_Cost>30.92</wd:Unit_Cost>
                     <wd:Extended_Amount>154.6</wd:Extended_Amount>
                     <wd:Prepaid>0</wd:Prepaid>
                     <wd:Retention>0</wd:Retention>
                     <wd:Budget_Date>2022-09-21</wd:Budget_Date>
                     <wd:Ship_To_Address_Reference>
                        <wd:ID wd:type="WID">aa1e25be24750129940ed0a25a7c0002</wd:ID>
                        <wd:ID wd:type="Address_ID">ADDRESS_REFERENCE-6-335</wd:ID>
                     </wd:Ship_To_Address_Reference>
                     <wd:Ship_To_Location_Identifier>L14</wd:Ship_To_Location_Identifier>
                     <wd:Ship_To_Contact_Reference>
                        <wd:ID wd:type="WID">d7d14249ee7f012a939ce769f2b40004</wd:ID>
                        <wd:ID wd:type="Employee_ID">67929</wd:ID>
                     </wd:Ship_To_Contact_Reference>
                     <wd:Deliver_To_Location_Reference>
                        <wd:ID wd:type="WID">aa1e25be24750129940ed007bb2a0000</wd:ID>
                        <wd:ID wd:type="Location_ID">L14</wd:ID>
                     </wd:Deliver_To_Location_Reference>
                     <wd:Deliver_To_Location_Location_Identifier>L14</wd:Deliver_To_Location_Location_Identifier>
                     <wd:Supplier_Contract_Reference>
                        <wd:ID wd:type="WID">a6268fcd43c1012df11cc818dd680000</wd:ID>
                        <wd:ID wd:type="Supplier_Contract_ID">SUPPLIER_CONTRACT-6-2</wd:ID>
                     </wd:Supplier_Contract_Reference>
                     <wd:Requisition_Line_Reference>
                        <wd:ID wd:type="WID">dfd6d16379a49001668507d44d800000</wd:ID>
                        <wd:ID wd:type="Requisition_Line_ID">ITEM_REQUISITION_LINE-9-25674</wd:ID>
                     </wd:Requisition_Line_Reference>
                     <wd:Worktags_Reference>
                        <wd:ID wd:type="WID">aa1e25be247501299d690e3c3c860000</wd:ID>
                        <wd:ID wd:type="Organization_Reference_ID">Sub8585</wd:ID>
                        <wd:ID wd:type="Custom_Organization_Reference_ID">Sub8585</wd:ID>
                     </wd:Worktags_Reference>
                     <wd:Worktags_Reference>
                        <wd:ID wd:type="WID">aa1e25be247501299d682e320d600000</wd:ID>
                        <wd:ID wd:type="Organization_Reference_ID">CO_RA_Amanda_Maas</wd:ID>
                        <wd:ID wd:type="Custom_Organization_Reference_ID">CO_RA_Amanda_Maas</wd:ID>
                     </wd:Worktags_Reference>
                     <wd:Worktags_Reference>
                        <wd:ID wd:type="WID">aa1e25be2475012995131002f36c0000</wd:ID>
                        <wd:ID wd:type="Organization_Reference_ID">CC859</wd:ID>
                        <wd:ID wd:type="Cost_Center_Reference_ID">CC859</wd:ID>
                     </wd:Worktags_Reference>
                  </wd:Goods_Line_Data>
               </wd:Purchase_Order_Data>
            </wd:Purchase_Order>
         </wd:Response_Data>
      </wd:Get_Purchase_Orders_Response>
   </env:Body>
</env:Envelope>
