<?xml version="1.0" encoding="utf-8"?>
<root xmlns:env="http://schemas.xmlsoap.org/soap/envelope/"
      xmlns:xsd="http://www.w3.org/2001/XMLSchema"
      xmlns:wd="urn:com.workday/bsvc">
   <purchaseOrderInfo/>
   <firstCompanyReference>aa1e25be247501299b76f3cd256f0000</firstCompanyReference>
   <firstCurrencyReference>9e996ffdd3e14da0ba7275d5400bafd4</firstCurrencyReference>
   <firstSupplierReference>c89f5d7949f3012c11ef5e1a6f300000</firstSupplierReference>
   <subsequent_references/>
</root>
